Private,Apps,Enroll,Top10perc,Top25perc,F.Undergrad,P.Undergrad,Outstate,Room.Board,Books,Personal,PhD,Terminal,S.F.Ratio,perc.alumni,Expend,Grad.Rate
1,484,141,6,28,590,1196,9870,4860,600,1100,59,59,12.2,19,6744,81
1,1690,662,30,61,2718,1460,10995,4410,1000,1000,68,74,17.6,20,8086,85
0,8631,2546,25,61,11669,1605,10602,3660,570,1530,79,87,19.7,13,8020,54
1,1109,386,20,65,1897,208,8325,5000,1200,1600,14,98,16.1,26,6874,55
1,1959,695,24,47,2849,1107,11520,4960,600,1250,73,75,13.3,31,9189,83
1,191,63,5,25,494,574,11550,4270,300,500,43,77,14.5,8,9209,40
0,3820,695,21,70,5303,3942,4356,4830,800,800,76,81,22.1,6,7252,51
1,452,269,17,54,1417,301,6150,3680,550,1200,59,63,16.6,4,5412,52
1,866,157,18,47,1074,336,8920,4310,680,1320,68,68,14.6,42,6898,46
0,787,233,40,73,1017,411,5376,3214,600,1100,99,100,13.7,11,9241,34
1,1742,607,30,64,2258,53,10300,5080,475,1200,68,75,14.1,30,7762,89
0,1584,891,6,18,3471,911,5016,3798,540,2256,48,48,28.8,12,3871,59
1,3768,753,42,64,3558,436,13592,5916,545,1328,84,88,14.2,10,11677,84
1,1006,328,34,73,1362,102,13252,4194,450,550,89,93,13.0,33,10296,65
1,1947,523,39,74,1863,233,13900,4140,750,1500,90,90,10.6,7,8923,57
1,1436,1202,10,26,1320,822,4371,2370,500,2000,62,62,12.6,10,4900,18
0,6277,3526,33,63,16454,3171,5595,3145,500,2070,86,92,15.1,48,6813,53
1,5152,1685,36,71,7016,804,11610,4760,600,1950,86,94,13.5,25,9982,77
1,1232,303,23,58,1241,485,14990,4730,550,1250,86,92,15.2,28,9566,74
1,1179,290,38,64,1130,638,9690,4785,600,1000,60,84,13.3,21,7940,74
0,967,459,15,48,2806,538,4528,1880,500,1200,49,63,17.1,16,5113,58
1,2115,494,28,72,2993,347,12825,4375,500,1500,85,85,12.2,16,10175,89
1,461,174,10,43,738,55,9600,4550,600,750,55,94,13.3,43,7863,51
1,4576,1000,16,36,4384,1530,12000,6484,650,1000,81,84,14.4,15,10080,64
0,5549,853,9,40,5004,475,6550,4176,600,1380,80,90,17.9,16,6174,65
1,4301,1166,41,69,4892,387,12772,5078,576,1802,74,88,13.5,17,12726,72
0,2119,390,5,33,2478,1441,6550,4760,1125,1362,80,100,14.9,8,8170,46
1,2939,452,56,86,1723,113,15909,4772,500,700,85,91,11.9,37,14213,77
0,1618,479,18,54,4793,4552,7246,3964,500,4288,71,73,13.4,15,6433,48
1,440,221,26,51,910,166,9420,3730,600,1230,51,56,9.9,46,10270,72
0,8598,1143,56,93,5060,146,6550,4170,600,650,79,84,19.1,25,5716,76
1,465,176,19,39,879,156,12580,4345,400,970,76,79,13.1,24,10889,74
1,935,345,22,50,1127,754,9490,4100,500,1500,60,79,10.7,21,7519,79
1,996,377,29,58,1411,72,12065,3615,430,685,62,78,12.5,41,8596,80
1,7033,1223,47,75,4941,1534,19040,5950,350,800,98,98,9.1,21,16920,74
1,1445,326,46,83,1129,24,15350,4080,450,810,89,93,10.3,52,18784,82
1,1420,220,9,22,1018,287,8700,4780,450,1400,78,84,14.7,19,7355,69
1,7178,1433,25,63,4623,740,7161,3518,600,2000,60,64,14.0,9,6791,70
0,14438,3816,12,39,16282,1940,8566,3897,500,1400,88,92,16.7,15,10276,68
1,353,103,17,45,416,230,13290,5720,500,1500,90,93,11.5,26,8861,63
1,1003,295,23,53,1144,160,16160,6950,500,1200,74,81,8.9,33,14086,79
1,4226,2007,14,60,7703,2339,5094,4010,700,1560,77,86,16.6,10,6203,50
0,2785,1007,8,65,6507,898,7242,3603,654,1416,67,89,18.1,0,6413,51
1,5139,973,20,55,3717,1358,14400,6200,450,1100,66,74,18.4,35,8135,96
1,872,154,14,36,601,36,10194,2600,500,1500,57,63,11.4,32,5788,83
1,809,428,20,43,1889,217,10178,4190,800,750,71,71,16.1,19,7895,54
1,1616,434,20,43,1405,580,13125,3775,500,1300,74,89,15.9,22,7364,62
1,897,276,12,48,1345,390,10450,4020,500,1500,56,56,14.1,16,7444,70
1,13594,2505,70,86,12408,2814,17748,7262,450,1000,87,98,7.8,16,21227,71
0,535,223,6,20,959,150,7320,4640,500,600,48,65,12.6,15,7114,51
0,5653,1727,17,29,9528,3822,10800,4840,580,1050,93,96,19.3,7,6751,46
0,3150,650,16,51,3598,234,6840,4660,500,1000,71,75,15.1,17,6436,59
1,758,484,35,59,1707,705,5390,3140,515,1290,63,71,15.1,18,5511,50
1,4200,942,30,55,4740,1646,14235,6965,600,1735,86,97,14.4,14,10864,80
0,8399,656,19,53,4658,1478,6550,4240,550,1500,85,93,15.3,8,6608,53
1,765,226,30,60,809,32,8578,4408,700,1600,79,88,13.9,51,8061,82
1,700,278,19,35,1035,182,10850,3936,500,900,62,64,12.3,31,8534,88
1,385,193,18,38,784,127,9520,4124,630,1818,63,65,18.6,11,8219,43
1,560,113,36,56,484,16,10955,3450,330,670,62,87,10.6,31,9552,53
1,833,217,12,33,716,2196,9985,5180,500,800,53,89,27.2,8,4322,85
1,444,122,34,53,493,968,10900,5250,380,1000,68,70,11.4,23,9447,78
0,5165,1561,20,60,8234,2619,6108,3800,500,1000,64,66,20.6,9,5063,57
1,700,314,33,66,1065,48,8730,3523,500,750,82,92,13.2,35,9303,67
1,379,265,10,36,1050,151,4950,2780,530,1500,62,62,15.7,7,5619,38
1,917,213,21,60,979,743,8820,4050,600,2025,68,83,10.5,34,7170,50
1,592,279,19,44,1204,392,6400,3484,600,1800,80,83,14.5,10,7936,43
0,3440,1123,16,35,3793,486,6198,3320,500,2500,89,97,19.1,6,4362,46
1,974,290,5,22,1145,39,12520,3860,1300,700,16,59,7.5,9,11641,57
1,776,198,25,58,791,764,14340,5285,500,1000,58,83,11.7,39,10961,74
1,4044,688,51,83,2738,138,16230,4500,630,1800,79,86,15.0,17,11217,63
1,1004,239,23,63,909,51,10440,3850,525,1450,63,72,11.8,20,7940,64
0,701,458,10,40,959,457,2580,2624,500,900,48,100,20.1,24,4870,44
1,1096,464,27,62,1776,239,8150,3150,400,500,61,62,13.6,16,6716,67
1,812,195,7,24,646,84,8242,4230,600,1295,77,77,12.7,11,10090,52
1,458,165,16,42,1057,355,11190,4800,450,1230,60,60,13.6,22,8135,54
1,1660,721,23,52,2885,537,7440,3300,450,2200,70,78,18.1,12,7041,60
1,632,222,14,24,702,501,9550,3850,350,250,64,84,14.1,18,5922,58
1,2799,839,34,65,3322,726,13420,4770,560,1675,88,93,15.0,24,9473,77
1,2096,694,35,67,2551,407,11800,4340,700,960,60,81,15.8,26,7780,77
1,2974,580,29,60,2666,554,15192,4695,400,1350,84,91,15.9,21,11762,67
1,959,351,23,48,1662,209,16624,5895,600,1100,72,80,12.8,6,12692,47
1,983,249,23,57,1698,894,9990,5666,800,1500,66,71,14.3,28,6084,64
0,2405,1061,10,22,4564,448,4290,3500,598,1582,55,93,19.4,1,5967,35
0,3793,1238,9,24,7732,9054,6744,2655,720,3450,87,89,19.0,10,7762,34
1,1025,297,22,66,1070,72,10100,4140,450,1080,69,71,16.3,32,6880,80
0,4158,902,6,24,6394,3881,5962,4444,500,985,69,73,16.7,4,4900,49
1,212,91,28,56,471,148,13500,5230,400,850,95,98,9.3,37,16095,52
1,2161,685,56,82,2371,175,13440,4048,600,1250,92,95,13.5,28,12940,82
1,876,367,14,35,1263,118,10800,3600,400,820,68,74,18.8,19,5081,78
1,1399,308,44,77,1131,17,14900,5160,500,800,82,85,11.6,40,12082,79
1,1006,317,33,65,1024,15,8200,3485,500,1200,84,84,10.6,26,9248,64
1,1712,696,41,68,2936,433,11750,4160,1200,2350,94,96,11.5,10,11743,47
1,3586,730,16,31,2748,1309,13250,5420,700,3100,84,92,12.3,23,11299,70
0,4772,1265,22,55,6851,1200,6120,3460,666,2316,73,78,17.2,18,4776,51
1,516,154,32,62,630,549,11020,4970,610,1900,73,75,14.0,36,9315,58
1,1557,489,37,69,1964,81,12315,4565,600,1365,85,90,12.5,24,10307,73
1,11901,2517,16,42,11160,10221,13380,7425,600,1750,73,82,12.9,17,9563,46
0,4777,1823,16,33,9844,6198,6540,3600,530,2440,84,92,11.1,24,10207,31
1,348,127,12,52,1095,785,9150,3950,500,800,56,59,12.2,27,7348,76
1,2135,491,23,59,1708,689,12000,5920,500,500,93,93,13.8,30,7100,88
0,9239,3290,35,39,13606,807,8856,3960,500,1382,81,89,17.6,20,7846,85
1,4996,936,53,82,4291,16,17475,5976,1230,1100,94,98,15.4,21,15605,70
1,4772,712,60,86,2714,27,19130,5600,1400,1400,90,94,12.1,39,16262,92
1,941,214,10,30,1247,776,11390,5280,500,750,77,82,10.6,17,8575,55
1,417,137,60,89,510,63,12960,5450,450,875,92,97,7.7,37,19016,59
1,546,189,16,42,873,683,11138,4138,600,1200,40,74,14.0,7,8820,80
0,2397,1525,22,45,6720,1822,3957,2325,618,1656,66,77,20.0,13,4546,45
0,18114,6180,23,57,26640,4120,10658,3734,504,600,93,95,14.0,9,10520,71
1,1457,345,27,50,1109,502,14990,4980,450,550,77,98,21.5,21,7502,64
1,2248,745,38,73,2888,105,14350,3750,550,550,82,88,10.0,31,12502,83
1,355,142,34,65,509,44,8664,3350,600,3000,65,68,10.7,25,8954,65
0,1757,394,32,74,2033,1078,5972,3420,600,750,77,83,13.0,11,7011,37
1,776,351,22,44,1419,228,6400,3150,500,1900,58,64,16.2,8,6578,45
0,368,212,5,27,863,189,4286,2570,600,2000,39,41,14.9,25,4958,40
0,4400,1472,12,38,7804,1552,6950,2500,300,1200,90,95,23.1,16,5559,67
1,3596,575,42,78,1944,46,19964,4328,500,500,94,95,12.1,32,14720,83
1,7122,1643,42,69,7760,876,16500,6526,630,1985,82,94,5.9,17,17500,59
1,1549,587,38,72,2269,85,13240,3560,600,400,73,85,13.8,38,8949,77
0,11023,3183,21,54,14861,1310,7629,4095,550,2300,79,87,20.4,13,8811,64
1,1756,366,3,21,1524,280,12450,5400,450,870,62,66,12.4,24,8832,70
1,594,307,36,57,1695,721,5580,2830,600,700,77,79,16.5,18,6170,61
1,2425,601,62,93,2110,95,12240,5150,500,490,94,96,9.6,20,14703,93
1,4293,591,25,62,2322,263,18710,5970,500,700,87,92,12.7,29,14837,81
1,1566,483,28,55,1509,170,14200,3775,450,1100,58,81,16.4,42,8080,67
0,2850,1046,20,50,9260,1387,4652,2470,500,500,78,99,18.7,23,5917,45
1,2961,628,24,68,2669,616,10800,5100,575,1090,71,82,14.1,42,8189,100
1,2519,776,39,71,2473,1314,12750,6350,350,1690,84,90,17.4,13,8243,83
1,1557,397,15,40,1805,433,9813,4050,425,1000,45,63,16.7,29,7307,78
1,657,113,37,90,1039,466,12474,5678,630,1278,53,71,11.9,19,10613,72
1,4095,1195,33,64,5064,660,8490,3320,650,2400,81,93,14.8,23,9158,64
0,883,428,3,37,2910,1749,7860,4750,525,1889,80,82,21.2,16,4639,48
1,1771,306,21,46,1071,27,13840,3735,400,900,77,80,10.7,38,11080,74
1,374,185,45,77,995,408,8550,4050,500,1344,75,75,12.6,17,7237,62
1,713,252,25,44,712,23,15476,3336,400,1100,69,82,11.3,35,42926,48
1,367,158,12,41,917,479,9592,5879,500,700,71,80,13.7,12,5935,49
1,2929,622,20,56,2738,1662,12600,5610,450,3160,90,90,15.1,9,9084,84
1,798,238,14,41,1165,1232,9800,4430,400,1150,46,46,11.1,35,6889,100
1,699,176,36,64,710,399,13960,6040,450,690,82,88,14.4,34,12434,72
1,10477,2442,28,67,10142,117,15150,6870,635,960,73,84,11.3,13,14231,67
1,1109,375,24,46,1115,70,13240,3914,600,800,73,85,13.4,27,9333,73
1,962,212,21,54,830,150,14700,6550,450,400,97,97,11.3,24,11291,70
0,14596,3331,75,92,14609,1100,8400,4200,550,1200,88,93,8.9,23,15893,83
1,2994,659,70,95,2675,22,18000,6300,400,900,92,96,11.3,55,12138,95
1,4019,888,40,73,3891,128,13584,5928,630,1278,88,92,13.9,19,10872,100
1,1899,489,37,68,1594,32,13868,4826,450,850,89,100,13.7,37,11487,73
1,1611,342,27,60,1089,210,13850,3920,470,810,80,97,13.2,30,10223,96
0,4963,1567,18,45,10262,5065,10217,4182,500,3630,81,87,8.7,11,11183,45
1,6397,1092,40,84,4298,132,18700,5580,750,1130,96,99,12.5,43,14665,91
0,1351,570,18,78,2385,331,4440,3030,300,600,72,72,18.9,8,5883,51
1,321,172,11,27,620,280,7536,3736,430,1651,44,77,13.0,12,5309,36
1,2417,426,36,70,1476,299,14190,4400,500,750,65,68,12.8,25,9815,81
0,2807,1701,13,37,7000,1103,3811,2190,500,1970,62,65,15.0,29,5084,67
1,1107,323,13,51,1452,402,11040,4500,600,700,65,76,11.8,30,9034,66
0,461,235,10,40,974,503,6600,3630,400,1675,67,67,15.2,11,6408,35
1,1576,274,24,55,992,112,8000,3700,400,500,51,52,14.1,28,5807,51
1,805,287,67,88,1376,207,11660,4325,400,900,74,79,14.0,34,8649,72
1,761,306,21,58,1337,300,10990,3244,600,1021,66,70,10.4,30,6871,69
1,7759,1477,30,68,6362,1292,15925,6507,400,300,89,90,13.4,24,10458,96
0,5095,2400,27,53,13894,8374,6857,3975,858,3093,89,93,12.8,9,9275,37
1,601,203,1,20,525,323,11230,6643,2340,620,8,58,6.8,4,13025,47
1,404,169,28,48,797,100,6000,3000,500,500,48,57,13.4,14,5557,61
0,11054,3524,26,55,16502,21836,8949,3744,714,2910,88,90,12.2,37,16122,45
1,2895,579,80,96,2195,156,18345,5995,500,700,94,98,10.6,51,21409,91
1,2039,432,56,91,1333,30,15688,4618,400,400,88,92,9.5,54,18979,83
0,848,377,14,24,1855,1412,5800,3066,500,1500,62,62,14.8,3,5035,48
0,6773,1025,15,55,5847,946,7844,2948,500,1680,66,68,18.0,19,7041,75
1,2519,462,30,61,1656,352,16975,4565,600,850,76,86,12.8,39,10888,83
1,3356,418,76,100,1490,8,19030,5885,1495,875,93,96,11.2,52,20447,96
1,2459,582,36,66,2664,299,16320,5326,646,1171,87,94,11.2,14,13706,65
1,608,127,26,47,538,126,8080,3920,500,1100,63,72,11.4,9,7703,44
1,280,79,5,27,327,110,5590,2900,650,1952,53,63,15.1,4,4839,90
1,600,124,3,9,392,69,7260,3090,600,1840,31,35,12.9,4,9249,21
1,1092,477,27,92,847,497,8670,4180,500,1450,42,58,11.3,33,5738,68
1,696,169,35,66,653,56,13970,6110,370,920,88,97,9.2,24,16358,68
1,553,228,22,49,1301,242,9650,4400,600,1000,57,69,14.9,8,6336,83
1,279,126,17,37,600,435,6844,2980,500,500,45,55,11.7,38,5073,44
0,5785,499,26,62,4005,1886,7410,4748,690,2009,90,95,17.4,16,11878,58
0,3580,1627,36,69,11028,2411,4460,3038,687,1281,85,87,11.8,6,12833,54
1,793,244,20,47,1022,411,9570,3000,400,1000,67,72,15.1,42,6852,60
1,990,279,18,45,1811,3144,11290,5360,600,1800,76,78,12.6,11,9084,72
1,662,184,20,43,665,37,10720,4050,600,1650,66,70,12.5,20,7925,62
1,8766,1243,56,75,5071,438,17840,6582,500,882,93,99,5.9,23,26037,80
0,3347,1006,10,37,4664,1630,6919,4500,500,1250,74,90,15.0,20,7462,56
1,544,177,15,35,600,363,6987,3585,750,1500,77,83,12.5,12,9067,75
1,1183,411,42,82,1922,704,12669,4875,600,1250,83,85,16.8,20,10368,66
1,785,295,15,65,1670,726,10860,4624,600,794,87,100,13.7,15,8953,55
1,1650,409,7,21,1803,1116,8994,5500,498,2065,74,97,15.4,15,8409,59
1,1994,495,50,80,1983,36,14300,5020,550,950,78,94,11.1,31,11525,82
1,1432,317,29,58,1121,493,10860,5760,550,900,56,62,12.9,23,8604,96
1,995,398,26,47,1306,122,6230,3526,400,600,42,44,13.0,4,8189,63
1,874,428,21,46,1605,246,9858,3700,450,1200,42,45,17.6,16,4796,55
1,20192,3810,45,80,14971,3113,18420,6810,475,1025,80,81,11.9,16,16836,72
1,1606,530,23,38,1921,1154,9408,5520,500,450,78,78,12.1,22,7669,53
1,831,224,15,35,840,325,5170,3430,600,1590,61,61,16.1,10,5531,60
1,3315,425,68,93,1584,3,13750,4619,680,1115,81,96,9.6,45,15736,90
1,682,204,22,43,771,611,9500,3540,400,750,26,58,2.5,10,7683,57
1,4731,830,12,31,3557,658,10700,5925,550,1200,74,81,17.6,34,8408,69
1,1538,468,19,42,1664,1042,11690,5062,600,1664,48,80,12.9,15,8028,68
1,292,96,20,52,543,712,12200,4600,650,950,87,90,11.2,32,8680,76
1,244,82,12,33,1134,336,11700,5300,550,805,71,88,27.8,18,8694,58
0,3041,1173,16,56,6441,3982,9114,4030,400,650,88,90,19.7,13,6637,53
0,3366,232,27,79,2585,1300,7411,4748,690,2009,90,95,18.6,12,10134,57
1,8587,1087,87,99,3918,32,19545,6070,550,1100,95,99,4.7,49,29619,98
1,202,122,19,42,537,101,8540,3580,500,1400,61,80,8.8,32,8324,56
1,1768,380,51,93,1263,11,16900,5680,450,750,89,89,19.0,33,12837,79
0,15849,2678,74,95,11278,114,12212,3792,500,1000,90,92,9.5,22,13597,95
1,464,183,10,31,686,287,9240,3880,475,1090,29,49,7.2,17,9431,47
1,857,376,25,58,1721,470,6720,3250,450,1520,77,82,13.9,33,6881,82
0,5702,1742,15,37,8077,472,6684,4110,500,900,73,83,19.6,9,4519,62
0,4192,1656,15,45,5887,1254,8828,3474,753,2610,79,91,19.0,11,6393,53
1,7875,1492,38,71,5471,1470,17450,6328,700,950,92,93,7.6,15,14745,72
0,5818,1116,14,53,5268,300,7844,3504,450,1700,80,83,18.8,13,6719,72
1,1386,320,28,56,965,502,13850,4755,400,1125,84,84,12.3,30,8196,85
1,2362,700,40,68,2607,148,13130,4650,500,1600,77,81,10.9,29,9511,83
1,605,284,24,53,961,99,6398,3672,400,1350,68,68,13.3,19,8118,75
0,4877,814,13,48,4123,298,6550,4420,620,1481,82,90,16.3,10,6442,66
1,478,117,9,34,731,370,11510,6450,575,1075,71,93,10.3,30,10502,77
0,19873,3215,95,100,19532,2061,11648,6246,636,1933,93,97,15.8,10,13919,78
1,193,55,16,44,249,869,7560,4120,800,1500,76,72,11.9,2,10922,15
0,8384,2710,22,50,13518,2916,7230,5088,630,3228,82,84,10.0,6,13883,34
1,1496,428,26,57,1648,936,12888,4440,420,840,62,68,13.9,30,8802,87
0,14939,5705,52,88,25422,911,7560,4574,500,1982,87,90,17.4,13,8559,81
1,3294,956,44,67,4576,1140,11690,4730,800,6800,84,94,4.6,19,18367,67
0,7473,3013,27,53,15749,3237,5764,3262,750,3300,86,92,16.5,22,8612,53
1,587,158,38,62,678,41,13500,3335,500,675,67,73,9.4,11,9727,55
0,9478,2194,29,65,15646,1829,8412,4180,470,1800,87,89,19.2,10,7850,59
1,1631,434,15,36,1803,603,11150,5130,550,1260,78,92,13.3,24,8543,67
1,1132,302,58,89,1379,214,16200,4200,436,2486,90,90,10.4,14,14329,62
1,141,55,12,21,201,173,8300,4850,450,1300,53,53,9.5,19,6936,76
1,540,165,23,70,1115,111,7210,3600,500,2000,62,65,13.2,18,7356,58
1,1310,316,5,35,1057,175,8550,5050,400,900,35,67,17.4,16,4333,27
0,12749,3343,40,81,20356,4582,8199,4218,708,2172,96,94,9.0,10,16527,65
1,619,219,20,51,1251,767,11208,4124,350,1615,55,65,12.7,25,6584,65
0,5244,1930,12,37,11561,7443,8786,2964,570,1980,79,87,15.9,8,8094,38
0,2088,362,6,29,2745,1938,4449,4860,600,1655,74,95,17.8,8,7333,47
1,4892,913,13,33,3906,1446,10690,6790,570,1150,66,83,16.0,14,8107,66
1,8474,911,75,94,3566,1569,18800,6740,500,1040,96,97,3.3,38,56233,90
1,1244,352,44,77,1177,43,11850,4675,600,1050,83,89,11.3,35,12995,67
1,3050,471,55,86,1818,23,14360,4090,400,650,77,92,12.9,34,9605,83
1,379,107,15,37,500,311,9990,4900,400,600,44,47,12.1,26,4948,33
0,3224,1057,11,31,5000,706,6390,2380,110,1622,67,78,14.6,9,6554,55
0,2957,691,10,30,3817,1394,3946,4800,400,1500,63,67,14.9,10,8367,26
0,10706,2397,12,37,14826,1979,7799,3296,470,1750,73,78,17.3,11,6086,56
1,727,286,30,55,1063,48,8100,3950,550,550,73,76,13.3,28,7508,55
0,2029,1073,23,46,7535,1488,5988,3422,600,1500,91,94,15.1,13,8745,45
0,3570,651,17,41,3390,325,7352,3620,225,500,47,55,16.1,14,6374,63
1,2308,295,22,46,1202,942,8530,3644,616,1576,56,64,14.9,25,7114,37
1,905,319,32,61,1073,179,11320,4402,550,1350,82,89,12.7,38,11218,58
1,1006,275,29,60,1127,205,13925,4390,500,2200,73,86,12.7,32,10141,67
1,2087,657,20,54,3191,1204,7550,2790,600,500,77,77,21.8,34,3739,63
1,1658,395,49,80,1595,159,14800,4620,400,790,91,94,13.3,37,10779,68
1,1267,385,44,73,1306,28,12572,4552,400,400,79,87,15.3,32,9305,68
1,1046,284,21,45,1223,451,10880,5050,400,1235,64,64,19.3,24,7344,69
1,875,207,7,38,1173,1402,9700,4830,400,1200,45,90,14.5,10,7652,66
0,950,351,42,72,1276,9,14320,5304,490,1410,77,77,14.9,17,8837,87
0,9167,2738,24,53,15739,4278,6940,4100,500,1700,80,84,24.7,11,5983,55
1,571,174,10,26,645,283,10850,3670,400,1159,58,60,12.8,19,7505,56
1,1681,344,35,63,1235,30,16249,5699,500,1998,84,92,13.6,29,11778,52
1,2491,573,57,88,2213,35,5224,3048,525,350,65,65,18.4,18,4957,100
1,601,204,28,57,671,11,13000,4100,400,460,91,91,11.6,43,11087,56
1,936,197,24,56,752,210,11240,4180,350,2000,71,71,11.2,37,10065,71
1,323,122,31,51,393,4,16150,5450,275,800,63,72,7.2,26,15622,64
1,8256,1522,37,70,5809,4379,11000,5160,660,1115,90,95,13.8,10,10059,62
0,3325,1301,20,45,5800,872,4200,2700,300,1200,53,60,20.2,18,5318,58
1,4414,335,30,60,908,119,5666,2964,1000,1400,56,58,15.5,7,5970,46
0,1801,438,14,50,3065,363,6297,4600,600,1323,75,78,18.1,14,8355,68
1,8506,1236,76,97,5544,192,17600,6000,600,870,97,98,5.0,28,28457,96
1,460,167,14,45,604,350,10740,3676,350,900,67,71,11.0,27,7963,74
0,1797,938,24,35,6960,4698,4440,5175,750,2200,96,96,6.7,16,16352,33
0,2409,759,17,50,3819,1347,6900,2800,475,1200,81,89,22.2,1,5968,46
1,3014,487,31,68,1889,62,18700,5000,595,1250,87,94,11.2,39,13861,87
1,1013,288,55,82,943,7,11850,4270,600,900,95,99,11.4,60,13118,74
1,4302,418,83,96,1593,5,19760,5300,660,1598,93,98,8.4,63,21424,100
1,3767,1061,30,58,4531,643,10870,4440,2000,1522,75,81,14.4,21,7671,85
1,427,143,18,38,581,533,12700,5800,450,700,81,85,10.3,37,11758,84
1,263,103,10,24,316,20,8438,3372,500,2958,42,50,11.1,4,11989,15
1,1465,188,10,30,703,20,4450,2522,500,1200,43,43,22.9,3,5861,58
1,174,88,8,29,1047,33,8300,3080,600,600,62,62,15.2,18,3365,58
1,2643,465,36,80,2615,248,13332,6354,630,1584,88,89,16.1,17,9619,78
1,3579,868,25,55,5244,3417,11500,5330,700,2000,94,95,6.2,15,13009,65
1,1777,382,31,55,1668,1052,16425,5220,955,750,81,85,13.3,23,11561,90
1,888,393,26,60,1433,27,12730,4514,500,1525,74,95,9.9,31,11165,98
1,1738,417,21,55,1335,30,18460,5970,700,850,92,96,13.2,41,22704,71
0,1879,483,27,62,3311,1646,8832,5376,700,1850,92,98,13.5,19,12529,72
1,257,109,19,41,396,38,7850,3410,400,1500,55,70,10.0,15,7233,53
1,1083,291,13,34,915,80,9270,4100,600,1860,75,82,13.5,27,8425,55
1,2190,458,36,65,1780,48,16732,5650,550,550,93,93,12.1,32,12011,75
1,2853,753,16,34,2978,434,10750,5340,400,1130,90,92,14.6,26,7972,64
0,1800,560,44,85,3876,3588,6634,4360,600,2604,82,85,17.8,14,6104,47
1,3495,528,49,84,1915,123,18732,6204,450,1024,94,96,11.5,49,15411,88
1,1127,308,30,64,1310,766,11718,7398,450,1800,73,87,16.4,33,8871,76
0,5318,1025,8,29,7626,2091,6550,4040,550,1230,71,78,18.7,12,7511,42
0,7294,904,7,34,5758,1363,6550,4460,500,705,79,83,19.0,14,6632,49
1,7791,1499,71,92,5500,90,17865,6525,630,952,93,98,5.8,26,23850,83
1,1641,527,20,39,1663,170,11200,4000,500,1200,61,62,14.2,24,7578,70
1,578,187,25,50,880,477,6930,3452,400,1525,57,64,11.0,11,6383,32
1,7365,4615,48,82,27378,1253,2340,3580,860,1220,76,76,20.5,40,7916,33
1,584,131,19,51,521,99,8955,5900,500,1488,51,56,11.8,23,8545,52
1,1680,691,34,76,2959,402,8236,3700,569,1650,74,75,14.7,17,9533,61
0,3073,1547,9,29,9649,1792,4300,2643,450,1660,57,68,19.0,11,5801,68
1,11115,1390,71,93,5881,406,18300,7131,670,1700,91,92,7.2,27,19635,95
1,440,112,25,49,466,7,10000,3052,400,1100,65,75,11.4,20,9430,63
1,232,106,16,34,534,172,6900,3800,450,1825,67,76,12.1,9,6875,42
1,589,148,16,40,474,258,8400,3250,500,1400,63,55,12.4,14,6535,68
1,1879,497,36,69,1950,38,13353,4173,540,821,78,83,12.7,40,9220,71
1,1860,227,71,93,887,1,17000,6010,500,850,99,99,9.6,52,18443,87
0,4216,736,20,52,4296,1027,5130,4690,600,1450,73,75,17.9,18,5125,56
0,8579,3681,25,50,17880,1673,6994,3384,700,2681,88,94,13.7,17,9657,57
1,1432,548,56,84,2200,56,11480,4200,530,1400,81,83,12.7,40,11916,85
0,9274,2435,14,44,13171,1687,7248,3240,500,1700,74,78,13.2,18,9002,58
1,360,108,4,19,756,863,8310,5500,600,1800,43,43,12.7,5,5480,54
0,4350,756,39,78,2997,736,6490,4942,650,2102,75,80,17.6,30,5358,84
0,480,380,19,46,1673,1014,4386,2217,600,1500,49,54,15.8,8,5704,63
1,1154,253,15,31,791,140,11172,4958,700,1350,68,76,11.6,16,9186,60
0,1401,605,10,34,3716,675,7100,4380,540,2948,63,88,19.4,0,5389,36
1,12394,2464,85,100,9205,531,17020,7270,500,1544,95,96,6.3,38,25765,93
1,1758,419,27,58,2041,174,12040,4100,600,1100,92,96,13.2,17,9060,72
1,3151,958,14,40,4772,856,7800,3750,570,3020,37,43,16.5,4,12878,44
1,672,278,29,60,1350,275,11844,3696,450,1146,54,76,11.6,33,8996,72
1,3821,680,86,96,2488,625,18200,6770,500,700,95,98,11.6,13,16185,66
0,5191,1500,15,44,7532,1847,8677,3505,600,1300,75,94,15.5,17,7392,53
1,920,347,35,66,1133,42,11090,4700,400,750,80,80,12.0,31,12639,79
0,14752,5329,48,85,30017,5189,5130,3309,650,3140,91,99,19.7,11,7837,65
0,3121,822,5,19,3480,776,7870,4157,500,1150,73,73,16.1,13,6195,61
1,1190,324,12,30,1280,61,8840,3620,500,1200,57,58,16.2,26,6563,63
0,5530,1697,12,37,8463,1498,7731,4128,540,2286,75,75,21.5,8,6309,40
1,555,242,14,41,996,2281,9100,3100,550,880,51,61,23.6,24,5609,47
1,602,206,21,47,958,466,8620,4100,400,2250,58,68,11.0,21,6136,65
1,1160,352,19,55,1357,737,12200,3880,480,930,74,81,17.8,25,7666,79
1,1320,284,26,54,1085,81,16304,3616,355,715,87,95,11.1,26,12957,69
1,824,337,15,41,1160,653,9400,3400,500,1100,37,37,8.4,21,5352,59
0,9251,3076,14,45,13699,1213,7452,3352,600,1700,81,89,21.1,14,6918,67
1,1205,278,31,50,1071,98,14510,5340,500,1400,84,91,12.5,39,10026,60
1,1415,338,18,52,1345,44,5120,3200,500,2140,52,60,18.1,9,3930,69
1,2324,370,52,81,1686,35,16560,5140,558,1152,91,93,10.5,30,16196,79
1,232,99,7,29,402,237,7070,3640,400,3158,59,65,8.9,16,6286,36
1,325,95,16,33,364,88,9900,3650,500,1200,32,37,13.6,43,6525,21
1,361,185,10,41,650,819,8842,4782,600,1100,57,73,14.2,14,7022,52
1,860,285,32,70,1928,442,13306,3797,450,950,62,69,8.8,10,6333,78
1,368,159,20,49,806,542,10500,3555,500,2285,44,50,11.3,30,6695,64
1,2753,505,31,56,1801,45,18720,5730,650,825,90,94,11.5,38,14980,85
1,283,97,10,45,589,263,8400,2800,600,900,50,56,10.6,40,6860,89
0,8586,2503,25,59,13138,4289,10786,4560,400,900,93,93,7.8,10,13789,66
1,1209,265,19,54,820,159,11450,5045,900,2500,72,75,11.4,13,9718,64
0,6071,1449,15,67,6635,1145,7558,3680,500,1500,82,85,19.1,15,6005,55
1,809,294,27,52,1271,43,12500,4130,400,1050,53,53,13.5,22,7136,52
1,213,75,28,66,504,147,7200,3532,550,1500,56,56,11.8,12,7818,52
0,1877,823,49,77,3926,561,9057,3600,700,1435,88,88,14.4,23,9699,49
0,2729,1257,8,29,4787,472,3735,3136,250,1630,62,65,21.7,23,5284,54
0,7117,1217,68,88,5186,134,11720,4298,600,800,89,92,12.1,31,9534,93
1,346,146,51,87,704,63,9900,3670,630,1818,59,59,10.5,14,8095,54
0,2777,1652,20,54,8334,1435,5634,2703,450,1200,97,97,15.9,16,9424,49
0,5803,1730,19,62,10099,3255,7248,3109,600,1900,79,91,16.8,7,6227,62
1,4471,910,29,60,3674,493,11584,5986,650,800,83,83,14.1,41,9131,92
0,2996,704,2,30,3006,338,5587,4845,500,600,61,63,16.0,11,5733,31
1,780,198,7,20,545,42,11750,2700,400,850,77,83,14.0,24,6475,76
1,392,155,16,44,738,430,10260,3597,600,1500,39,66,13.1,26,8355,58
1,708,166,46,74,530,182,8644,3922,500,800,79,88,12.6,24,14579,54
0,572,320,45,72,1470,416,6073,3400,550,1400,71,71,16.4,31,6112,74
1,668,237,19,39,1306,258,9476,4820,500,1100,67,67,20.1,26,6786,74
1,457,177,35,61,667,1983,11180,5620,600,700,64,64,11.5,32,7477,75
1,695,239,21,30,988,785,10200,7000,350,1100,63,76,11.7,20,10622,68
1,880,224,16,42,1068,364,9300,3260,600,900,81,81,11.1,24,8129,63
1,1998,651,41,88,1539,45,6700,3650,500,2307,52,52,14.1,12,7566,61
0,1801,819,13,38,3224,436,5840,3138,400,2430,76,76,19.1,8,5039,43
1,910,450,31,73,1310,61,6530,2800,500,1500,63,67,13.3,10,6413,65
1,1334,568,30,56,1946,95,12140,4450,425,1100,74,78,15.1,36,8595,88
0,16587,5873,25,72,24763,2717,9766,3990,600,2000,77,88,21.3,24,8686,68
0,1558,472,20,57,3754,2477,6172,3994,541,1387,83,87,23.4,12,8488,53
0,5042,944,55,94,5167,902,5391,5411,700,1000,81,87,14.4,6,8504,81
0,12445,3623,54,85,24470,3286,7090,4180,630,1530,88,97,13.4,20,14737,66
1,1016,300,27,57,1116,602,11250,4980,550,1400,66,73,15.8,36,7411,70
1,1005,298,36,55,1075,43,14850,4460,450,420,97,97,12.7,37,12067,80
1,1966,327,47,80,1199,61,19960,5490,500,450,90,90,11.8,37,15886,68
1,4076,738,25,54,3010,184,12990,6300,600,900,86,88,14.7,27,9448,80
1,604,295,15,47,690,222,9888,4502,400,1000,64,77,12.1,39,8741,75
1,335,132,28,69,534,216,10475,6300,500,2000,68,68,11.2,46,9599,60
1,674,282,25,54,1151,39,12200,4070,400,1200,73,82,14.2,32,9226,66
1,222,91,16,41,484,541,11010,5208,550,500,58,78,10.4,26,9586,78
0,19315,3450,48,93,28938,2025,10645,4060,512,2394,77,96,18.1,19,8992,63
1,2174,557,35,68,2332,53,15960,5580,700,1300,95,95,15.8,32,11659,77
1,3712,806,17,45,2677,714,12030,6140,1000,500,63,73,12.0,33,8847,86
0,1734,951,12,52,3602,939,3460,2650,450,1000,57,60,19.6,5,4739,48
1,81,51,33,71,139,3,8730,3600,400,800,92,92,9.3,17,10922,58
1,3035,438,42,93,1630,232,18740,6300,600,500,86,95,10.7,40,14773,91
1,2967,876,30,60,3450,644,10628,4372,650,2055,85,90,6.5,32,22906,85
1,2925,632,51,88,2479,95,18820,6390,500,1050,85,97,10.3,44,21199,90
1,5081,1194,11,26,3768,1415,14220,6000,500,1440,61,76,10.7,9,10625,66
0,21804,5874,29,60,26213,4065,9556,3990,570,1060,86,86,18.2,15,8604,67
1,626,145,12,34,983,40,7700,3400,450,800,70,70,21.9,28,4933,52
1,2100,553,29,65,1704,1,16240,4690,500,500,84,96,11.1,43,14140,69
1,1712,624,37,69,2505,208,12275,4341,465,1100,72,81,12.5,40,9284,72
1,2013,212,33,61,912,158,5150,3036,500,1655,64,74,10.5,11,7547,59
0,1164,478,12,25,2138,227,4470,2890,600,1210,33,33,16.3,10,4249,60
1,1721,806,35,75,3128,213,5504,3528,700,910,71,77,17.7,37,6466,73
1,692,174,19,50,597,83,10500,3860,600,940,58,64,11.6,19,8990,39
0,1563,240,1,19,1380,136,5542,4330,500,1000,65,71,14.2,17,6562,57
0,6986,1918,25,60,12330,7152,6618,4234,700,1600,80,98,22.2,9,6742,46
0,3540,1016,24,54,4190,1512,5130,3592,500,2000,60,62,23.1,5,4010,34
1,1891,719,24,80,2740,761,11100,5870,600,750,77,88,11.7,14,9456,53
1,1040,286,48,77,967,24,15747,4062,400,800,88,95,12.7,33,13224,79
0,8681,2408,10,35,15701,1823,7799,3403,537,2605,77,84,21.0,16,5569,54
1,633,284,10,27,823,963,6120,2985,531,1830,25,25,27.6,4,6081,36
1,1754,505,24,49,2159,211,13712,6408,526,1100,90,96,9.3,18,12751,75
1,855,139,60,83,569,7,17238,7350,600,800,95,100,8.2,41,18372,73
0,19152,4893,66,92,22045,1339,15732,4659,476,1600,90,98,11.5,26,14847,87
1,472,262,14,41,9950,71,7620,3050,400,400,51,53,17.0,21,3186,54
1,313,137,10,30,552,67,9414,4554,500,1700,34,55,10.6,30,7840,56
1,845,254,5,21,662,351,7600,3800,600,1200,59,74,19.0,40,5096,39
1,152,75,17,41,282,22,9100,3700,500,1400,48,48,8.5,26,8960,50
0,944,440,14,34,2174,529,6360,2760,550,1498,77,77,15.0,5,6443,48
1,1422,366,33,65,1363,23,15360,4080,600,1000,82,89,12.8,26,15003,59
1,1444,456,29,62,1788,95,11910,4378,450,965,60,77,11.4,25,8149,75
0,2379,1292,8,25,4283,2973,4973,3192,500,1425,56,65,22.0,21,4078,38
1,1861,359,45,77,1220,46,16670,4900,750,800,80,83,10.5,51,13198,72
1,735,366,20,48,2448,707,9210,3782,700,1000,49,51,39.8,15,6562,34
1,1209,214,31,60,822,46,15276,5318,500,300,79,86,11.2,37,10830,65
1,486,227,19,48,903,59,9650,3800,600,1300,46,65,11.4,29,10188,82
1,627,172,16,40,777,538,9925,4135,750,1350,59,67,22.4,11,6523,48
1,1784,913,29,56,3401,136,10230,3710,400,1210,75,81,14.8,41,7786,81
1,1470,425,21,76,1820,558,11040,4840,400,900,89,92,13.3,28,8118,94
1,2652,484,44,77,1707,44,17080,4440,400,600,73,91,9.9,41,11711,76
1,1220,481,28,67,1964,623,7800,3664,650,900,61,61,11.1,19,7614,49
1,2694,489,75,93,1870,12,19292,3957,550,550,81,93,10.4,60,17960,91
1,1910,285,50,85,1004,15,19264,6206,750,750,98,98,10.4,30,13894,79
1,692,209,20,50,760,81,9900,3990,400,900,76,71,13.3,19,9073,58
1,807,308,39,63,1198,605,8840,2950,750,1290,74,82,13.1,31,6668,84
0,4809,1429,12,33,6162,871,6806,1780,600,1651,72,72,16.7,9,7090,44
0,15039,3087,36,100,13963,3124,6550,4731,708,957,90,97,13.6,15,11177,56
1,804,281,29,72,840,68,10390,4040,525,1345,54,78,12.5,37,11751,60
1,528,186,22,56,1168,145,9216,4191,400,1000,56,64,12.1,13,7309,75
1,247,100,19,49,309,639,11412,6430,500,900,89,93,8.3,37,11806,96
1,4856,727,46,75,2649,25,19510,5565,500,750,95,98,10.5,45,15494,93
1,2096,465,27,59,1442,166,16130,4710,400,800,83,86,13.9,37,10554,90
1,369,90,12,46,396,526,11400,5400,500,760,41,85,9.5,20,9583,24
0,1576,913,13,50,3689,2200,3840,2852,200,400,52,54,20.3,9,4172,100
1,938,511,29,62,1715,103,12247,4221,500,600,70,88,13.1,26,8847,72
0,12809,3761,24,49,22593,7585,7434,4850,700,2100,88,93,18.9,5,4602,48
0,7589,1876,29,63,14770,10962,6760,3776,500,2180,84,89,17.0,7,11020,47
1,450,194,17,34,614,388,13900,5200,450,2150,46,63,10.9,17,9995,59
1,610,189,26,52,685,49,8200,3300,550,1000,63,69,12.0,16,8128,64
1,1380,263,57,82,1000,105,19300,6694,600,700,89,93,6.1,18,14779,83
0,5220,865,19,53,6411,3186,3648,4834,700,950,82,87,21.5,9,6717,58
0,3306,1071,42,89,10208,9310,6597,2494,800,3028,81,96,13.9,20,6722,66
1,331,225,15,36,1100,166,6840,3720,1100,4913,33,33,15.4,20,5524,49
1,861,215,10,27,1117,815,8650,5700,500,1750,69,73,16.1,13,6534,67
0,6855,2408,26,57,11036,2011,8907,4697,556,1851,89,95,10.8,6,13889,54
1,3708,722,41,66,2852,153,7050,5490,250,600,71,74,17.8,10,8122,83
1,2212,408,44,75,1445,1,19240,3690,750,480,95,95,11.1,46,14067,88
1,2688,500,25,53,1792,5,19029,5841,600,600,99,99,12.1,37,13040,79
0,15698,2478,85,100,12677,864,12024,5302,790,1818,96,96,16.1,11,15934,66
0,1455,452,1,16,2632,617,6806,2550,350,766,75,75,15.1,10,6972,24
1,3847,527,9,35,1010,12,9384,4840,600,500,22,47,14.3,20,7697,118
0,3100,825,3,20,3234,941,5542,3788,500,1300,75,79,15.7,20,4222,65
1,665,226,17,44,1739,1550,9160,4340,500,500,68,68,20.6,14,6951,48
1,604,328,25,50,1048,56,9800,2650,450,2800,61,60,12.5,17,7325,87
0,14474,6392,49,85,31643,2798,5130,3412,600,2144,89,91,23.1,29,8471,69
0,1166,510,9,33,2074,341,4938,2987,528,1702,67,77,17.0,11,6119,51
0,13528,1843,16,61,10168,1231,6550,4355,700,1560,93,96,17.4,16,9075,74
1,1217,496,36,69,1773,884,11505,3255,1000,2075,35,46,16.7,23,7140,67
1,1886,526,31,67,2523,296,13000,4450,600,2400,78,90,14.7,32,9553,69
1,7700,1906,79,96,7671,30,16850,4400,600,1350,96,92,13.1,46,13936,97
1,737,242,21,67,968,237,10425,3975,500,1500,61,77,14.7,34,8693,76
0,2172,564,14,50,2766,1531,5962,4316,650,500,71,76,16.9,14,5719,50
1,511,186,23,51,1692,562,12224,4440,450,1000,63,87,11.5,32,7315,77
0,6502,1372,11,51,7484,1904,7844,4108,400,2000,76,79,15.3,16,6773,52
1,519,114,25,53,457,2,21700,4100,600,500,35,59,10.1,33,16364,55
0,5996,3079,29,57,16269,3757,5925,2980,600,2242,83,87,15.9,11,6741,37
0,11651,3023,50,90,18906,3242,6680,4060,600,1020,80,89,23.1,15,7250,58
1,1747,449,34,66,1662,960,13050,4000,500,800,64,69,12.1,27,9557,83
0,14292,3409,22,53,19340,3991,8723,5146,550,1550,89,92,18.1,12,9021,63
0,8000,1464,17,70,6943,869,6550,4810,500,1500,69,85,22.0,21,5280,63
0,9735,2064,23,63,12478,1660,11656,5072,700,2300,89,95,16.0,16,10178,71
1,1310,458,26,61,1365,144,12250,3530,400,1150,85,87,16.7,35,7215,81
1,3877,713,71,93,3051,513,15700,4730,525,1460,95,95,2.9,29,19733,67
1,848,298,25,55,935,184,6060,3070,600,1300,62,66,17.7,13,5391,49
1,792,186,56,87,769,377,12900,4340,600,4110,91,95,13.1,27,8568,67
0,689,250,15,30,1125,422,7168,3689,600,1900,67,67,18.1,9,4417,46
1,584,175,20,49,662,121,8000,4150,500,1300,57,65,11.3,32,7058,62
1,377,181,15,30,653,129,7150,4350,450,1500,61,67,17.8,3,6259,53
0,2747,724,12,47,2874,118,7920,3962,550,2200,74,80,18.4,23,5553,62
1,7428,1349,25,63,6534,1350,11600,5920,1000,1000,81,90,13.9,10,10093,60
1,980,350,10,25,872,448,9890,4674,500,1350,52,57,14.4,15,6243,84
1,940,385,20,48,1316,139,11925,3825,630,1926,48,87,12.3,12,9157,69
1,632,129,17,36,709,131,9000,4850,300,2480,78,85,13.2,10,7550,52
1,576,137,11,39,662,131,10430,3620,400,1500,85,98,16.5,18,8767,45
1,586,239,16,36,950,228,10520,3678,500,1000,48,68,13.0,32,8111,56
1,740,177,12,29,628,63,9620,3750,550,950,49,55,10.8,33,10642,59
0,5659,3147,10,31,8596,1949,6892,3706,600,2500,72,76,16.6,8,6996,40
1,2095,514,15,40,1873,94,12950,5400,450,1120,70,82,14.5,29,6719,97
0,1340,285,42,73,1315,209,6800,4730,675,1250,84,89,11.6,23,10357,63
1,1646,542,12,30,2128,82,5188,3396,650,2500,48,48,13.8,9,6817,58
0,6540,2440,31,70,14445,1344,8200,4210,800,2719,84,87,16.9,30,10912,56
1,344,97,11,42,500,331,12600,5520,630,2250,77,80,10.4,7,9773,43
1,662,257,12,30,2074,726,11902,4372,540,950,65,65,12.8,31,7836,58
1,516,200,17,40,1238,30,8770,3500,450,700,58,58,17.3,17,6430,70
1,13218,1153,90,98,4540,146,19900,5910,675,1575,91,96,8.4,54,28320,99
0,9402,2151,20,70,16407,5550,8384,5110,612,2400,87,93,19.5,7,7930,41
0,7693,2328,30,66,12594,3661,8074,3522,495,2941,84,88,16.9,18,8246,63
1,1538,383,33,68,1140,10,15248,4323,550,800,71,76,12.2,31,10340,64
1,817,307,20,40,945,1,13218,4773,660,600,95,97,13.3,53,12263,69
1,1847,453,19,59,1298,67,7384,3494,500,1763,51,67,13.7,8,6757,30
1,372,181,15,32,1501,353,8600,3550,385,665,48,48,15.4,9,10938,49
1,1489,375,13,45,1688,131,10456,4927,500,1050,91,91,17.7,32,9828,78
0,1458,588,56,86,1846,154,9843,3180,600,1500,74,78,14.6,16,6716,51
0,910,342,14,53,1434,417,7032,2780,550,1960,75,81,15.2,15,6490,36
1,723,361,10,30,951,706,7800,4000,350,1500,36,44,22.0,4,4923,84
0,5880,2833,25,55,14914,2246,6995,3120,600,2000,76,86,18.5,22,6122,54
1,860,366,22,56,1040,52,9900,3075,300,1800,68,68,14.9,34,6357,68
1,688,144,30,75,641,101,10800,4440,570,1515,55,60,13.1,13,8415,55
0,4144,1853,18,52,10135,1448,6197,2930,595,2380,78,82,16.3,26,6333,77
0,3330,1303,15,36,6706,2640,5800,3000,600,2200,73,75,14.0,9,9825,42
1,495,210,35,55,775,44,8950,3490,600,1900,86,92,11.3,25,9685,66
1,838,159,11,25,654,162,8640,3700,400,1915,62,62,12.2,13,7634,48
1,2936,669,35,62,2502,66,15990,4080,600,825,73,78,14.5,31,9979,83
1,3550,653,53,87,2164,77,18920,5950,600,800,90,98,9.7,39,17089,90
1,2887,457,30,61,1928,296,17500,4200,500,950,94,95,10.5,35,11951,79
1,6548,862,49,85,3316,31,18550,4750,800,1200,95,97,14.2,36,13675,93
0,1047,511,13,33,2091,546,4285,2750,600,1800,58,75,16.5,31,6591,51
1,12229,2477,45,71,13259,1429,17230,6482,600,2210,90,94,11.4,10,17007,68
1,469,227,17,39,851,120,10535,4365,550,3700,39,66,12.9,16,7438,52
1,13789,1583,90,98,6188,53,18590,5950,625,1162,95,96,5.0,44,27206,97
1,8728,1191,60,89,4265,291,17900,5690,450,1250,86,93,9.2,31,24386,74
1,1243,414,33,60,2149,418,8678,3858,700,1736,82,83,16.2,7,7651,72
1,2307,509,19,51,1707,1889,11070,5780,400,600,71,73,14.8,16,7120,82
1,325,86,21,47,699,717,9600,4202,450,750,39,69,10.5,15,7164,68
1,1154,395,12,31,2192,1423,10560,4520,500,1200,36,48,14.3,10,7701,61
1,1170,238,14,48,1170,429,7470,4600,250,1400,74,75,15.3,23,6898,88
1,484,177,9,45,634,78,7800,2950,500,600,60,88,14.1,9,6864,64
1,2302,391,58,82,1345,59,15200,4768,550,1500,90,96,10.8,47,13388,77
1,12586,1462,87,95,5643,349,19528,5926,720,1100,99,100,7.6,39,20440,97
1,2267,611,20,59,2825,144,6735,3395,600,1425,70,74,12.2,7,10872,65
1,903,213,15,49,971,305,10500,4545,600,600,66,71,14.1,27,7494,72
0,8427,3441,26,59,18676,1715,7550,3224,640,2055,81,88,19.2,22,8420,65
1,1231,345,34,66,1295,105,11600,3610,400,850,66,91,12.4,37,7735,67
1,582,172,21,44,799,78,10468,3380,660,1800,40,41,11.5,15,8991,52
1,2286,564,37,70,2943,1260,11985,4081,400,1500,93,95,9.2,15,8995,91
1,2075,520,49,81,2501,198,11800,3260,500,800,87,89,14.2,23,9681,95
1,4186,526,81,96,1988,29,19629,5790,500,1200,94,99,9.0,64,22014,99
0,1256,853,43,79,3957,588,5401,3144,450,1888,72,75,19.3,4,5527,50
0,1208,438,20,48,1906,344,6810,3970,450,1647,67,75,15.9,26,5712,59
1,3646,585,25,69,2022,926,12170,6172,480,800,79,79,13.0,30,7495,97
0,3281,1448,19,43,10975,8431,4422,2780,500,2850,73,73,21.0,4,4696,29
